CREATE TABLE persona
(
   IDPER INT GENERATED BY DEFAULT ON NULL AS IDENTITY START WITH 200 INCREMENT BY 1,
   DNIPER CHAR(8),
   NOMPER VARCHAR2(60),
   APEPER VARCHAR2(80),
   EMAPER VARCHAR2(80),
   CELPER CHAR(9),
   TIPPER CHAR(1),
   ESTPER CHAR(1) DEFAULT 'A',
   FECNACPER DATE,
   CONSTRAINT PER_PK PRIMARY KEY (IDPER)       
);
COMMIT;

INSERT INTO persona (DNIPER, NOMPER, APEPER, EMAPER, CELPER, TIPPER, FECNACPER)
VALUES ('77889955', 'Alberto', 'Solano Pariona', 'alberto.pariona@empresa.com', '998456323', 'V', '10-02-1970');
INSERT INTO persona (dniper, nomper, apeper, emaper, celper, tipper, fecnacper)
VALUES ('45781233', 'Alecia', 'Garcia Campos', '', '', 'C', '20-03-1980');
INSERT INTO persona (dniper, nomper, apeper, emaper, celper, tipper, fecnacper)
VALUES ('15487922', 'Juana', 'Avila Chumpitaz', 'juana.avila@gmail.com', '923568741', 'C', '06-06-1986');
INSERT INTO persona (dniper, nomper, apeper, emaper, celper, tipper, fecnacper)
VALUES ('22116633', 'Ana', 'Enriquez Flores', 'ana.enriquez@empresa.com', '', 'C', '10-02-1970');
INSERT INTO persona (dniper, nomper, apeper, emaper, celper, tipper, fecnacper)
VALUES ('88741589', 'Claudia', 'Perales Ortiz', 'claudia.perales@yahoo.com', '997845263', 'C', '25-07-1981');
INSERT INTO persona (dniper, nomper, apeper, emaper, celper, tipper, fecnacper)
VALUES ('45122587', 'Mario', 'Barrios Martinez', 'mario.barrios@outlook.com', '98652587', 'C', '10-10-1987');
INSERT INTO persona (dniper, nomper, apeper, emaper, celper, tipper, fecnacper)
VALUES ('15258564', 'Brunela', 'Tarazona Guerra', 'brunela.tarazona@gmail.com', '995236741', 'C', '06-06-1990');
INSERT INTO persona (dniper, nomper, apeper, emaper, celper, tipper, fecnacper)
VALUES ('47142536', 'Alejandro', 'Jimenez Huapaya', '', '941525365', 'C', '01-06-1989');
INSERT INTO persona (dniper, nomper, apeper, emaper, celper, tipper, fecnacper)
VALUES ('15352585', 'Claudia', 'Marques Litano', 'claudia.marques@gmail.com', '941525365', 'C', '01-06-1989');
INSERT INTO persona (dniper, nomper, apeper, emaper, celper, tipper, fecnacper)
VALUES ('45772587', 'Mario', 'Rodriguez Mayo', 'mario.Rodriguez@autlook.com', '912662587', 'C', '10-11-1987');
INSERT INTO persona (dniper, nomper, apeper, emaper, celper, tipper, fecnacper)
VALUES ('87952514', 'Luisa', 'Guerra Ibarra', 'luisa.ibarra@yahoo.com', '974422136', 'C', '21-12-1988');
INSERT INTO persona (dniper, nomper, apeper, emaper, celper, tipper, fecnacper)
VALUES ('74142585', 'Pedro Alberto', 'Candela Valenzuela', 'pedro.candela@gmail.com', '94148525', 'C', '30-06-1995');
INSERT INTO persona (dniper, nomper, apeper, emaper, celper, tipper, fecnacper)
VALUES ('53298147', 'Angel Manuel', 'Rojas Avila', 'angel.rojas@autlook.com', '', 'C', '02-03-1975');
INSERT INTO persona (dniper, nomper, apeper, emaper, celper, tipper, fecnacper)
VALUES ('11453265', 'Hilario Fabiano', 'Avila Huapaya', '', '985514326', 'C', '02-05-2000');
INSERT INTO persona (dniper, nomper, apeper, emaper, celper, tipper, fecnacper)
VALUES ('75647218', 'Octavio Adan', 'Marquez Osorio', 'octavio.marquez@yahoo.es', '966223141', 'C', '22-09-2000');
INSERT INTO persona (dniper, nomper, apeper, emaper, celper, tipper, fecnacper)
VALUES ('55869321', 'Manolo Enrique', 'Vasques Saravia', 'manolo.vasques@autlook.es', '966223141', 'C', '22-09-2000');
INSERT INTO persona (dniper, nomper, apeper, emaper, celper, tipper, fecnacper)
VALUES ('41552567', 'Genovera Pilar', 'Ortiz Quispe', 'genovera.ortiz@autlook.es', '92564137', 'C', '12-04-2003');
INSERT INTO persona (dniper, nomper, apeper, emaper, celper, tipper, fecnacper)
VALUES ('49985471', 'Oscar Cesar', 'Quioz Zavala', '', '988223145', 'C', '12-10-2004');
INSERT INTO persona (dniper, nomper, apeper, emaper, celper, tipper, fecnacper)
VALUES ('44992217', 'Veronica', 'Romero Vargas', 'veronica.romero@ayahoo.es', '', 'C', '25-08-2002');

SELECT * FROM PERSONA
COMMIT;


CREATE TABLE venta
(
   IDVEN INT GENERATED BY DEFAULT ON NULL AS IDENTITY START WITH 200 INCREMENT BY 1,
   FECVEN DATE,
   IDVEND INT,
   IDCLI INT,
   TIPPAGVEN CHAR(1),
   ESTVEN CHAR(1),
   CONSTRAINT VEN_PK PRIMARY KEY(IDVEN)
);
COMMIT;

INSERT INTO venta (IDVEN, FECVEN, IDVEND, IDCLI, TIPPAGVEN, ESTVEN)
VALUES ('1', '25/04/2023', '200', '202', 'E', 'A');
INSERT INTO venta (IDVEN, FECVEN, IDVEND, IDCLI, TIPPAGVEN, ESTVEN)
VALUES ('2', '25/04/2023', '200', '204', 'T', 'A');
INSERT INTO venta (IDVEN, FECVEN, IDVEND, IDCLI, TIPPAGVEN, ESTVEN)
VALUES ('3', '25/04/2023', '203', '205', 'T', 'A');
INSERT INTO venta (IDVEN, FECVEN, IDVEND, IDCLI, TIPPAGVEN, ESTVEN)
VALUES ('4', '25/04/2023', '203', '206', 'E', 'A');

SELECT * FROM venta
COMMIT;

CREATE TABLE producto
(
    CODPROD CHAR(3),
    NOMPRO VARCHAR2(50),
    PREPRO NUMBER(8,2),
    STOCKPRO INTEGER,
    IDCATPRO INT,
    ESTPRO CHAR(1),
    CONSTRAINT PROD_PK PRIMARY KEY(CODPROD)
);
COMMIT;

DROP TABLE producto; 
COMMIT;

INSERT INTO producto (CODPROD, NOMPRO, PREPRO, STOCKPRO, IDCATPRO, ESTPRO)
SELECT 'P01','Arroz', 4.65, 50, 10, 'A' FROM DUAL;
INSERT INTO producto (CODPROD, NOMPRO, PREPRO, STOCKPRO, IDCATPRO, ESTPRO)
SELECT 'P02','Azúcar', 3.45, 60, 10, 'A' FROM DUAL;
INSERT INTO producto (CODPROD, NOMPRO, PREPRO, STOCKPRO, IDCATPRO, ESTPRO)
SELECT 'P03','Pollo Fresco', 8.7, 20, 20, 'A' FROM DUAL;
INSERT INTO producto (CODPROD, NOMPRO, PREPRO, STOCKPRO, IDCATPRO, ESTPRO)
SELECT 'P04','Lomo Fino', 18.5, 40, 20, 'A' FROM DUAL;
INSERT INTO producto (CODPROD, NOMPRO, PREPRO, STOCKPRO, IDCATPRO, ESTPRO)
SELECT 'P05','Detergente Opal', 8.75, 60, 30, 'A' FROM DUAL;
INSERT INTO producto (CODPROD, NOMPRO, PREPRO, STOCKPRO, IDCATPRO, ESTPRO)
SELECT 'P06','Suavizante Ariel', 7.85, 30, 30, 'A' FROM DUAL;
INSERT INTO producto (CODPROD, NOMPRO, PREPRO, STOCKPRO, IDCATPRO, ESTPRO)
SELECT 'P07','Six Pack Cerveza en Lata', 19.85, 150, 40, 'A' FROM DUAL;
INSERT INTO producto (CODPROD, NOMPRO, PREPRO, STOCKPRO, IDCATPRO, ESTPRO)
SELECT 'P08','Pack Johnie Walker Black', 119.75, 150, 40, 'A' FROM DUAL;
INSERT INTO producto (CODPROD, NOMPRO, PREPRO, STOCKPRO, IDCATPRO, ESTPRO)
SELECT 'P09','Ron Barcelo Gran Añejo', 68.95, 150, 40, 'A' FROM DUAL;
INSERT INTO producto (CODPROD, NOMPRO, PREPRO, STOCKPRO, IDCATPRO, ESTPRO)
SELECT 'P10','Fillete de Pechuga', 25.55, 50, 20, 'A' FROM DUAL;
INSERT INTO producto (CODPROD, NOMPRO, PREPRO, STOCKPRO, IDCATPRO, ESTPRO)
SELECT 'P11','Deditos de Pechuga de Pollo', 12.75, 120, 20, 'A' FROM DUAL;
INSERT INTO producto (CODPROD, NOMPRO, PREPRO, STOCKPRO, IDCATPRO, ESTPRO)
SELECT 'P12','Hamburguesa Premium Parrillera', 28.75, 150, 20, 'A' FROM DUAL;
INSERT INTO producto (CODPROD, NOMPRO, PREPRO, STOCKPRO, IDCATPRO, ESTPRO)
SELECT 'P13','Nugget de Pollo', 10.9, 100, 20, 'A' FROM DUAL;
INSERT INTO producto (CODPROD, NOMPRO, PREPRO, STOCKPRO, IDCATPRO, ESTPRO)
SELECT 'P14','Tiras de Pechuga de Pollo', 13.5, 250, 20, 'A' FROM DUAL;
INSERT INTO producto (CODPROD, NOMPRO, PREPRO, STOCKPRO, IDCATPRO, ESTPRO)
SELECT 'P15','Galletas Oreo', 6.88, 50, 50, 'A' FROM DUAL;
INSERT INTO producto (CODPROD, NOMPRO, PREPRO, STOCKPRO, IDCATPRO, ESTPRO)
SELECT 'P16','Galleta Choco Donuts', 4.9, 90, 50, 'A' FROM DUAL;
INSERT INTO producto (CODPROD, NOMPRO, PREPRO, STOCKPRO, IDCATPRO, ESTPRO)
SELECT 'P17','Huevo de Pascua', 3.4, 70, 50, 'A' FROM DUAL;
INSERT INTO producto (CODPROD, NOMPRO, PREPRO, STOCKPRO, IDCATPRO, ESTPRO)
SELECT 'P18','Bombones de Chocolate', 35.9, 100, 50, 'A' FROM DUAL;
INSERT INTO producto (CODPROD, NOMPRO, PREPRO, STOCKPRO, IDCATPRO, ESTPRO)
SELECT 'P19','Detergente en Polvo Opal 6KG', 50.25, 250, 30, 'A' FROM DUAL; 
INSERT INTO producto (CODPROD, NOMPRO, PREPRO, STOCKPRO, IDCATPRO, ESTPRO)
SELECT 'P20','Detergente Marsella Aromaterapia 4KG', 46.1, 150, 30, 'A' FROM DUAL;
INSERT INTO producto (CODPROD, NOMPRO, PREPRO, STOCKPRO, IDCATPRO, ESTPRO)
SELECT 'P21','Detergente Líquido Aroma Bebé 5L', 83.85, 200, 30, 'A' FROM DUAL;
INSERT INTO producto (CODPROD, NOMPRO, PREPRO, STOCKPRO, IDCATPRO, ESTPRO)
SELECT 'P22','Jabón para Lavar Caricia 200G', 7.75, 90, 30, 'A' FROM DUAL; 
INSERT INTO producto (CODPROD, NOMPRO, PREPRO, STOCKPRO, IDCATPRO, ESTPRO)
SELECT 'P23','Lejía Tradicional 18KG', 24.75, 200, 30, 'A' FROM DUAL;
INSERT INTO producto (CODPROD, NOMPRO, PREPRO, STOCKPRO, IDCATPRO, ESTPRO)
SELECT 'P24','Jabón para Lavar - Bolivar', 6.8, 100, 30, 'A' FROM DUAL; 
INSERT INTO producto (CODPROD, NOMPRO, PREPRO, STOCKPRO, IDCATPRO, ESTPRO)
SELECT 'P25','Pack de Menestras de Lenteja', 14.5, 120, 10, 'A' FROM DUAL;
INSERT INTO producto (CODPROD, NOMPRO, PREPRO, STOCKPRO, IDCATPRO, ESTPRO)
SELECT 'P26','Mayonesa Alacena 850GR.', 16.9, 90, 10, 'A' FROM DUAL;
INSERT INTO producto (CODPROD, NOMPRO, PREPRO, STOCKPRO, IDCATPRO, ESTPRO)
SELECT 'P27','Aceite de Oliva Extra Virgen', 32.5, 145, 10, 'A' FROM DUAL;
INSERT INTO producto (CODPROD, NOMPRO, PREPRO, STOCKPRO, IDCATPRO, ESTPRO)
SELECT 'P28','Fideos Tallarín 500G', 3.9, 45, 10, 'A' FROM DUAL;
INSERT INTO producto (CODPROD, NOMPRO, PREPRO, STOCKPRO, IDCATPRO, ESTPRO)
SELECT 'P29','Crema de Avellanas con Cacao', 7.8, 200, 10, 'A' FROM DUAL;
INSERT INTO producto (CODPROD, NOMPRO, PREPRO, STOCKPRO, IDCATPRO, ESTPRO)
SELECT 'P30','Harina de Trigo sin Preparar', 8.1, 100, 10, 'A' FROM DUAL;
INSERT INTO producto (CODPROD, NOMPRO, PREPRO, STOCKPRO, IDCATPRO, ESTPRO)
SELECT 'P31','Maicena Universal 180GR', 2.9, 85, 10, 'A' FROM DUAL;
INSERT INTO producto (CODPROD, NOMPRO, PREPRO, STOCKPRO, IDCATPRO, ESTPRO)
SELECT 'P32','Harina de Maíz Blanco', 10.5, 100, 10, 'A' FROM DUAL;
INSERT INTO producto (CODPROD, NOMPRO, PREPRO, STOCKPRO, IDCATPRO, ESTPRO)
SELECT 'P33','Leche Condensada Nestle', 6.2, 135, 10, 'A' FROM DUAL;
INSERT INTO producto (CODPROD, NOMPRO, PREPRO, STOCKPRO, IDCATPRO, ESTPRO)
SELECT 'P34','Duraznos en Almíbar', 13.6, 180, 10, 'A' FROM DUAL;
INSERT INTO producto (CODPROD, NOMPRO, PREPRO, STOCKPRO, IDCATPRO, ESTPRO)
SELECT 'P35','Chicharrón de Cerdo', 29.5, 165, 20, 'A' FROM DUAL;
INSERT INTO producto (CODPROD, NOMPRO, PREPRO, STOCKPRO, IDCATPRO, ESTPRO)
SELECT 'P36','Apanado de Pollo', 37.95, 130, 20, 'A' FROM DUAL;
INSERT INTO producto (CODPROD, NOMPRO, PREPRO, STOCKPRO, IDCATPRO, ESTPRO)
SELECT 'P37','Sopa de Carne', 9.6, 170, 20, 'A' FROM DUAL;

SELECT * FROM producto
COMMIT;

CREATE TABLE categoria
(
   IDCAT INT GENERATED BY DEFAULT ON NULL AS IDENTITY START WITH 200 INCREMENT BY 1,
   NOMCAT VARCHAR2(60),
   CONSTRAINT CAT_PK PRIMARY KEY (IDCAT)       
);
COMMIT;

INSERT INTO categoria (IDCAT, NOMCAT)
VALUES ('10','Abarrotes');
INSERT INTO categoria (IDCAT, NOMCAT)
VALUES ('20','Carnes y Pollo');
INSERT INTO categoria (IDCAT, NOMCAT)
VALUES ('30','Higiene y Limpieza');
INSERT INTO categoria (IDCAT, NOMCAT)
VALUES ('40','Bebidas y Licores');
INSERT INTO categoria (IDCAT, NOMCAT)
VALUES ('50','Dulces y Snacks');
INSERT INTO categoria (IDCAT, NOMCAT)
VALUES ('60','Electrodomésticos');
SELECT * FROM categoria
COMMIT;

CREATE TABLE venta_detalle
(
   IDVENDET INT GENERATED BY DEFAULT ON NULL AS IDENTITY START WITH 200 INCREMENT BY 1,
   IDVEN INT,
   CODPROD CHAR(3),
   CANVENDET INT,
   CONSTRAINT DET_PK PRIMARY KEY(IDVENDET)
);
COMMIT;

INSERT INTO venta_detalle (IDVENDET, IDVEN, CODPROD, CANVENDET)
VALUES ('300', '1', 'P01', '2');
INSERT INTO venta_detalle (IDVENDET, IDVEN, CODPROD, CANVENDET)
VALUES ('301', '1', 'P04', '4');
INSERT INTO venta_detalle (IDVENDET, IDVEN, CODPROD, CANVENDET)
VALUES ('302', '2', 'P06', '12');
INSERT INTO venta_detalle (IDVENDET, IDVEN, CODPROD, CANVENDET)
VALUES ('303', '2', 'P08', '6');
INSERT INTO venta_detalle (IDVENDET, IDVEN, CODPROD, CANVENDET)
VALUES ('304', '2', 'P11', '16');
INSERT INTO venta_detalle (IDVENDET, IDVEN, CODPROD, CANVENDET)
VALUES ('305', '3', 'P15', '8');
INSERT INTO venta_detalle (IDVENDET, IDVEN, CODPROD, CANVENDET)
VALUES ('306', '4', 'P09', '5');
INSERT INTO venta_detalle (IDVENDET, IDVEN, CODPROD, CANVENDET)
VALUES ('307', '4', 'P14', '13');
INSERT INTO venta_detalle (IDVENDET, IDVEN, CODPROD, CANVENDET)
VALUES ('308', '4', 'P20', '10');
INSERT INTO venta_detalle (IDVENDET, IDVEN, CODPROD, CANVENDET)
VALUES ('309', '4', 'P21', '13');

SELECT * FROM venta_detalle
COMMIT;

